company,code,board,prospectus_title,prospectus_date,pdf_url,file,size_kb,status
,688411,,招股说明书,,http://static.cninfo.com.cn/finalpage/2025-12-31/1225287823.PDF,PDF_Data\688411__招股说明书.pdf,8687.9,success
,688545,,招股说明书,,http://static.cninfo.com.cn/finalpage/2025-12-31/1225287823.PDF,PDF_Data\688545__招股说明书.pdf,8687.9,success
,688583,,招股说明书,,http://static.cninfo.com.cn/finalpage/2025-12-31/1225287823.PDF,PDF_Data\688583__招股说明书.pdf,8687.9,success
,688727,,招股说明书,,http://static.cninfo.com.cn/finalpage/2025-12-31/1225287823.PDF,PDF_Data\688727__招股说明书.pdf,8687.9,success
,688729,,招股说明书,,http://static.cninfo.com.cn/finalpage/2025-12-31/1225287823.PDF,PDF_Data\688729__招股说明书.pdf,8687.9,success
,688755,,招股说明书,,http://static.cninfo.com.cn/finalpage/2025-12-31/1225287823.PDF,PDF_Data\688755__招股说明书.pdf,8687.9,success
,688757,,招股说明书,,http://static.cninfo.com.cn/finalpage/2025-12-31/1225287823.PDF,PDF_Data\688757__招股说明书.pdf,8687.9,success
,688759,,招股说明书,,http://static.cninfo.com.cn/finalpage/2025-12-31/1225287823.PDF,PDF_Data\688759__招股说明书.pdf,8687.9,success
,688765,,招股说明书,,http://static.cninfo.com.cn/finalpage/2025-12-31/1225287823.PDF,PDF_Data\688765__招股说明书.pdf,8687.9,success
,688783,,招股说明书,,http://static.cninfo.com.cn/finalpage/2025-12-31/1225287823.PDF,PDF_Data\688783__招股说明书.pdf,8687.9,success
,688790,,招股说明书,,http://static.cninfo.com.cn/finalpage/2025-12-31/1225287823.PDF,PDF_Data\688790__招股说明书.pdf,8687.9,success
,688795,,招股说明书,,http://static.cninfo.com.cn/finalpage/2025-12-31/1225287823.PDF,PDF_Data\688795__招股说明书.pdf,8687.9,success
,688796,,招股说明书,,http://static.cninfo.com.cn/finalpage/2025-12-31/1225287823.PDF,PDF_Data\688796__招股说明书.pdf,8687.9,success
,688802,,招股说明书,,http://static.cninfo.com.cn/finalpage/2025-12-31/1225287823.PDF,PDF_Data\688802__招股说明书.pdf,8687.9,success
,688805,,招股说明书,,http://static.cninfo.com.cn/finalpage/2025-12-31/1225287823.PDF,PDF_Data\688805__招股说明书.pdf,8687.9,success
,688807,,招股说明书,,http://static.cninfo.com.cn/finalpage/2025-12-31/1225287823.PDF,PDF_Data\688807__招股说明书.pdf,8687.9,success
,688809,,招股说明书,,http://static.cninfo.com.cn/finalpage/2025-12-31/1225287823.PDF,PDF_Data\688809__招股说明书.pdf,8687.9,success
